MEASUREMENT_TIME,ID_INPUT,VALUE,PRIVATE_DATA
2023-01-09 05:57:56.528,2,Discord Updater,0
2023-01-09 05:57:56.528,3,Discord.exe,0
2023-01-09 05:57:56.528,4,Chrome_WidgetWin_1,0
2023-01-09 05:57:56.528,5,\DISPLAY1,0
2023-01-09 05:59:42.317,2,Running applications,0
2023-01-09 05:59:42.317,3,explorer.exe,0
2023-01-09 05:59:42.317,4,MSTaskListWClass,0
2023-01-09 05:59:42.317,5,\DISPLAY1,0
2023-01-09 05:59:44.417,2,Mozilla Firefox,0
2023-01-09 05:59:44.417,3,firefox.exe,0
2023-01-09 05:59:44.417,4,MozillaWindowClass,0
2023-01-09 05:59:44.417,5,\DISPLAY1,0
2023-01-09 06:00:14.303,2,Type here to search,0
2023-01-09 06:00:14.303,3,explorer.exe,0
2023-01-09 06:00:14.303,4,Button,0
2023-01-09 06:00:14.303,5,\DISPLAY1,0
2023-01-09 06:00:26.660,2,Epic Games Launcher,0
2023-01-09 06:00:26.660,3,EpicGamesLauncher.exe,0
2023-01-09 06:00:26.660,4,UnrealWindow,0
2023-01-09 06:00:26.660,5,\DISPLAY1,0
2023-01-09 06:00:27.911,2,Running applications,0
2023-01-09 06:00:27.911,3,explorer.exe,0
2023-01-09 06:00:27.911,4,MSTaskListWClass,0
2023-01-09 06:00:27.911,5,\DISPLAY1,0
2023-01-09 06:00:28.505,2,Chrome Legacy Window,0
2023-01-09 06:00:28.505,3,RiotClientUx.exe,0
2023-01-09 06:00:28.505,4,Chrome_RenderWidgetHostHWND,0
2023-01-09 06:00:28.505,5,\DISPLAY1,0
2023-01-09 06:00:35.871,2,acetaminophen - Google Search — Mozilla Firefox,0
2023-01-09 06:00:35.871,3,firefox.exe,0
2023-01-09 06:00:35.871,4,MozillaWindowClass,0
2023-01-09 06:00:35.871,5,\DISPLAY1,0
2023-01-09 06:00:45.808,2,Epic Games Launcher,0
2023-01-09 06:00:45.808,3,EpicGamesLauncher.exe,0
2023-01-09 06:00:45.808,4,UnrealWindow,0
2023-01-09 06:00:45.808,5,\DISPLAY1,0
2023-01-09 06:00:46.660,2,Special offers,0
2023-01-09 06:00:46.660,3,steamwebhelper.exe,0
2023-01-09 06:00:46.660,4,SDL_app,0
2023-01-09 06:00:46.660,5,\DISPLAY1,0
2023-01-09 06:00:48.333,2,Epic Games Launcher,0
2023-01-09 06:00:48.333,3,EpicGamesLauncher.exe,0
2023-01-09 06:00:48.333,4,UnrealWindow,0
2023-01-09 06:00:48.333,5,\DISPLAY1,0
2023-01-09 06:00:50.901,2,Chrome Legacy Window,0
2023-01-09 06:00:50.901,3,steamwebhelper.exe,0
2023-01-09 06:00:50.901,4,Chrome_RenderWidgetHostHWND,0
2023-01-09 06:00:50.901,5,\DISPLAY1,0
2023-01-09 06:01:01.949,2,Running applications,0
2023-01-09 06:01:01.949,3,explorer.exe,0
2023-01-09 06:01:01.949,4,MSTaskListWClass,0
2023-01-09 06:01:01.949,5,\DISPLAY1,0
2023-01-09 06:01:05.340,2,Chrome Legacy Window,0
2023-01-09 06:01:05.340,3,steamwebhelper.exe,0
2023-01-09 06:01:05.340,4,Chrome_RenderWidgetHostHWND,0
2023-01-09 06:01:05.340,5,\DISPLAY1,0
2023-01-09 06:01:06.661,2,Steam,0
2023-01-09 06:01:06.661,3,steam.exe,0
2023-01-09 06:01:06.661,4,vguiPopupWindow,0
2023-01-09 06:01:06.661,5,\DISPLAY1,0
2023-01-09 06:01:07.109,2,Chrome Legacy Window,0
2023-01-09 06:01:07.109,3,steamwebhelper.exe,0
2023-01-09 06:01:07.109,4,Chrome_RenderWidgetHostHWND,0
2023-01-09 06:01:07.109,5,\DISPLAY1,0
2023-01-09 06:01:09.105,2,Running applications,0
2023-01-09 06:01:09.105,3,explorer.exe,0
2023-01-09 06:01:09.105,4,MSTaskListWClass,0
2023-01-09 06:01:09.105,5,\DISPLAY1,0
2023-01-09 06:01:16.661,2,,0
2023-01-09 06:01:16.661,3,cmd.exe,0
2023-01-09 06:01:16.661,4,ConsoleWindowClass,0
2023-01-09 06:01:16.661,5,\DISPLAY1,0
2023-01-09 06:01:17.072,2,Running applications,0
2023-01-09 06:01:17.072,3,explorer.exe,0
2023-01-09 06:01:17.072,4,MSTaskListWClass,0
2023-01-09 06:01:17.072,5,\DISPLAY1,0
2023-01-09 06:01:39.026,2,ucsd_intel_capstone_180A_grp_2-000017.db,0
2023-01-09 06:01:39.026,3,DB Browser for SQLite.exe,0
2023-01-09 06:01:39.026,4,Qt5QWindowIcon,0
2023-01-09 06:01:39.026,5,\DISPLAY1,0
2023-01-09 06:01:58.903,2,ucsd_intel_capstone_180A_grp_2-000017.db,0
2023-01-09 06:01:58.903,3,cmd.exe,0
2023-01-09 06:01:58.903,4,ConsoleWindowClass,0
2023-01-09 06:01:58.903,5,\DISPLAY1,0
2023-01-09 06:01:59.661,2,Chrome Legacy Window,0
2023-01-09 06:01:59.661,3,steamwebhelper.exe,0
2023-01-09 06:01:59.661,4,Chrome_RenderWidgetHostHWND,0
2023-01-09 06:01:59.661,5,\DISPLAY1,0
2023-01-09 06:02:00.556,2,Running applications,0
2023-01-09 06:02:00.556,3,explorer.exe,0
2023-01-09 06:02:00.556,4,MSTaskListWClass,0
2023-01-09 06:02:00.556,5,\DISPLAY1,0
2023-01-09 06:02:05.024,2,Chrome Legacy Window,0
2023-01-09 06:02:05.024,3,Teams.exe,0
2023-01-09 06:02:05.024,4,Chrome_RenderWidgetHostHWND,0
2023-01-09 06:02:05.024,5,\DISPLAY1,0
2023-01-09 06:02:08.529,2,Type here to search,0
2023-01-09 06:02:08.529,3,explorer.exe,0
2023-01-09 06:02:08.529,4,Button,0
2023-01-09 06:02:08.529,5,\DISPLAY1,0
2023-01-09 06:02:16.664,2,Riot Client Main,0
2023-01-09 06:02:16.664,3,RiotClientUx.exe,0
2023-01-09 06:02:16.664,4,RCLIENT,0
2023-01-09 06:02:16.664,5,\DISPLAY1,0
2023-01-09 06:02:25.768,2,Running applications,0
2023-01-09 06:02:25.768,3,explorer.exe,0
2023-01-09 06:02:25.768,4,MSTaskListWClass,0
2023-01-09 06:02:25.768,5,\DISPLAY1,0
2023-01-09 06:02:26.666,2,Amazon.com. Spend less. Smile more. — Mozilla Firefox,0
2023-01-09 06:02:26.666,3,firefox.exe,0
2023-01-09 06:02:26.666,4,MozillaWindowClass,0
2023-01-09 06:02:26.666,5,\DISPLAY1,0
2023-01-09 06:02:54.587,2,Chrome Legacy Window,0
2023-01-09 06:02:54.587,3,Teams.exe,0
2023-01-09 06:02:54.587,4,Chrome_RenderWidgetHostHWND,0
2023-01-09 06:02:54.587,5,\DISPLAY1,0
2023-01-09 06:02:55.851,2,Running applications,0
2023-01-09 06:02:55.851,3,explorer.exe,0
2023-01-09 06:02:55.851,4,MSTaskListWClass,0
2023-01-09 06:02:55.851,5,\DISPLAY1,0
2023-01-09 06:02:56.667,2,League of Legends,0
2023-01-09 06:02:56.667,3,LeagueClientUx.exe,0
2023-01-09 06:02:56.667,4,RCLIENT,0
2023-01-09 06:02:56.667,5,\DISPLAY1,0
2023-01-09 06:04:24.576,2,Running applications,0
2023-01-09 06:04:24.576,3,explorer.exe,0
2023-01-09 06:04:24.576,4,MSTaskListWClass,0
2023-01-09 06:04:24.576,5,\DISPLAY1,0
2023-01-09 06:04:25.465,2,Friends - Discord,0
2023-01-09 06:04:25.465,3,Discord.exe,0
2023-01-09 06:04:25.465,4,Chrome_WidgetWin_1,0
2023-01-09 06:04:25.465,5,\DISPLAY1,0
2023-01-09 06:04:33.179,2,Chrome Legacy Window,0
2023-01-09 06:04:33.179,3,LeagueClientUx.exe,0
2023-01-09 06:04:33.179,4,Chrome_RenderWidgetHostHWND,0
2023-01-09 06:04:33.179,5,\DISPLAY1,0
2023-01-09 06:04:40.288,2,"mastersuperfan, Bananakin Skywalker, allysonhanako, kalel, Nut Snack, babogi, Ray Wang, Felix, vicki - Discord",0
2023-01-09 06:04:40.288,3,Discord.exe,0
2023-01-09 06:04:40.288,4,Chrome_WidgetWin_1,0
2023-01-09 06:04:40.288,5,\DISPLAY1,0
2023-01-09 06:04:52.883,2,Chrome Legacy Window,0
2023-01-09 06:04:52.883,3,LeagueClientUx.exe,0
2023-01-09 06:04:52.883,4,Chrome_RenderWidgetHostHWND,0
2023-01-09 06:04:52.883,5,\DISPLAY1,0
2023-01-09 06:06:10.208,2,Chrome Legacy Window,0
2023-01-09 06:06:10.208,3,Teams.exe,0
2023-01-09 06:06:10.208,4,Chrome_RenderWidgetHostHWND,0
2023-01-09 06:06:10.208,5,\DISPLAY1,0
2023-01-09 06:06:12.421,2,Chrome Legacy Window,0
2023-01-09 06:06:12.421,3,LeagueClientUx.exe,0
2023-01-09 06:06:12.421,4,Chrome_RenderWidgetHostHWND,0
2023-01-09 06:06:12.421,5,\DISPLAY1,0
2023-01-09 06:06:16.693,2,Amazon.com. Spend less. Smile more. — Mozilla Firefox,0
2023-01-09 06:06:16.693,3,firefox.exe,0
2023-01-09 06:06:16.693,4,MozillaWindowClass,0
2023-01-09 06:06:16.693,5,\DISPLAY1,0
2023-01-09 06:06:30.601,2,Chrome Legacy Window,0
2023-01-09 06:06:30.601,3,LeagueClientUx.exe,0
2023-01-09 06:06:30.601,4,Chrome_RenderWidgetHostHWND,0
2023-01-09 06:06:30.601,5,\DISPLAY1,0
2023-01-09 06:06:44.435,2,Graves ARAM Build - U.GG Graves Runes + Item Guide for ARAM — Mozilla Firefox,0
2023-01-09 06:06:44.435,3,firefox.exe,0
2023-01-09 06:06:44.435,4,MozillaWindowClass,0
2023-01-09 06:06:44.435,5,\DISPLAY1,0
2023-01-09 06:06:46.127,2,Chrome Legacy Window,0
2023-01-09 06:06:46.127,3,LeagueClientUx.exe,0
2023-01-09 06:06:46.127,4,Chrome_RenderWidgetHostHWND,0
2023-01-09 06:06:46.127,5,\DISPLAY1,0
2023-01-09 06:07:12.022,2,Graves ARAM Build - U.GG Graves Runes + Item Guide for ARAM — Mozilla Firefox,0
2023-01-09 06:07:12.022,3,firefox.exe,0
2023-01-09 06:07:12.022,4,MozillaWindowClass,0
2023-01-09 06:07:12.022,5,\DISPLAY1,0
2023-01-09 06:07:18.173,2,League of Legends (TM) Client,0
2023-01-09 06:07:18.173,3,League of Legends.exe,0
2023-01-09 06:07:18.173,4,RiotWindowClass,0
2023-01-09 06:07:18.173,5,\DISPLAY1,0
2023-01-09 06:15:50.363,2,Graves ARAM Build - U.GG Graves Runes + Item Guide for ARAM — Mozilla Firefox,0
2023-01-09 06:15:50.363,3,firefox.exe,0
2023-01-09 06:15:50.363,4,MozillaWindowClass,0
2023-01-09 06:15:50.363,5,\DISPLAY1,0
2023-01-09 06:15:57.839,2,League of Legends (TM) Client,0
2023-01-09 06:15:57.839,3,League of Legends.exe,0
2023-01-09 06:15:57.839,4,RiotWindowClass,0
2023-01-09 06:15:57.839,5,\DISPLAY1,0
2023-01-09 06:19:56.711,2,Graves ARAM Build - U.GG Graves Runes + Item Guide for ARAM — Mozilla Firefox,0
2023-01-09 06:19:56.711,3,firefox.exe,0
2023-01-09 06:19:56.711,4,MozillaWindowClass,0
2023-01-09 06:19:56.711,5,\DISPLAY1,0
2023-01-09 06:19:59.023,2,League of Legends (TM) Client,0
2023-01-09 06:19:59.023,3,League of Legends.exe,0
2023-01-09 06:19:59.023,4,RiotWindowClass,0
2023-01-09 06:19:59.023,5,\DISPLAY1,0
2023-01-09 06:24:36.721,2,Graves ARAM Build - U.GG Graves Runes + Item Guide for ARAM — Mozilla Firefox,0
2023-01-09 06:24:36.721,3,firefox.exe,0
2023-01-09 06:24:36.721,4,MozillaWindowClass,0
2023-01-09 06:24:36.721,5,\DISPLAY1,0
2023-01-09 06:24:48.864,2,Chrome Legacy Window,0
2023-01-09 06:24:48.864,3,LeagueClientUx.exe,0
2023-01-09 06:24:48.864,4,Chrome_RenderWidgetHostHWND,0
2023-01-09 06:24:48.864,5,\DISPLAY1,0
2023-01-09 06:25:36.654,2,Graves ARAM Build - U.GG Graves Runes + Item Guide for ARAM — Mozilla Firefox,0
2023-01-09 06:25:36.654,3,firefox.exe,0
2023-01-09 06:25:36.654,4,MozillaWindowClass,0
2023-01-09 06:25:36.654,5,\DISPLAY1,0
2023-01-09 06:25:52.545,2,Chrome Legacy Window,0
2023-01-09 06:25:52.545,3,LeagueClientUx.exe,0
2023-01-09 06:25:52.545,4,Chrome_RenderWidgetHostHWND,0
2023-01-09 06:25:52.545,5,\DISPLAY1,0
2023-01-09 06:25:54.060,2,Ashe ARAM Build - U.GG Ashe Runes + Item Guide for ARAM — Mozilla Firefox,0
2023-01-09 06:25:54.060,3,firefox.exe,0
2023-01-09 06:25:54.060,4,MozillaWindowClass,0
2023-01-09 06:25:54.060,5,\DISPLAY1,0
2023-01-09 06:25:58.098,2,Chrome Legacy Window,0
2023-01-09 06:25:58.098,3,LeagueClientUx.exe,0
2023-01-09 06:25:58.098,4,Chrome_RenderWidgetHostHWND,0
2023-01-09 06:25:58.098,5,\DISPLAY1,0
2023-01-09 06:26:26.727,2,Jarvan IV ARAM Build - U.GG Jarvan IV Runes + Item Guide for ARAM — Mozilla Firefox,0
2023-01-09 06:26:26.727,3,firefox.exe,0
2023-01-09 06:26:26.727,4,MozillaWindowClass,0
2023-01-09 06:26:26.727,5,\DISPLAY1,0
2023-01-09 06:26:28.779,2,League of Legends (TM) Client,0
2023-01-09 06:26:28.779,3,League of Legends.exe,0
2023-01-09 06:26:28.779,4,RiotWindowClass,0
2023-01-09 06:26:28.779,5,\DISPLAY1,0
2023-01-09 06:26:32.338,2,Jarvan IV ARAM Build - U.GG Jarvan IV Runes + Item Guide for ARAM — Mozilla Firefox,0
2023-01-09 06:26:32.338,3,firefox.exe,0
2023-01-09 06:26:32.338,4,MozillaWindowClass,0
2023-01-09 06:26:32.338,5,\DISPLAY1,0
2023-01-09 06:26:36.995,2,Running applications,0
2023-01-09 06:26:36.995,3,explorer.exe,0
2023-01-09 06:26:36.995,4,MSTaskListWClass,0
2023-01-09 06:26:36.995,5,\DISPLAY1,0
2023-01-09 06:26:38.077,2,League of Legends (TM) Client,0
2023-01-09 06:26:38.077,3,League of Legends.exe,0
2023-01-09 06:26:38.077,4,RiotWindowClass,0
2023-01-09 06:26:38.077,5,\DISPLAY1,0
2023-01-09 06:26:47.744,2,acetaminophen - Google Search — Mozilla Firefox,0
2023-01-09 06:26:47.744,3,firefox.exe,0
2023-01-09 06:26:47.744,4,MozillaWindowClass,0
2023-01-09 06:26:47.744,5,\DISPLAY1,0
2023-01-09 06:26:48.986,2,League of Legends (TM) Client,0
2023-01-09 06:26:48.986,3,League of Legends.exe,0
2023-01-09 06:26:48.986,4,RiotWindowClass,0
2023-01-09 06:26:48.986,5,\DISPLAY1,0
2023-01-09 06:27:00.631,2,Jarvan IV ARAM Build - U.GG Jarvan IV Runes + Item Guide for ARAM — Mozilla Firefox,0
2023-01-09 06:27:00.631,3,firefox.exe,0
2023-01-09 06:27:00.631,4,MozillaWindowClass,0
2023-01-09 06:27:00.631,5,\DISPLAY1,0
2023-01-09 06:27:09.251,2,League of Legends (TM) Client,0
2023-01-09 06:27:09.251,3,League of Legends.exe,0
2023-01-09 06:27:09.251,4,RiotWindowClass,0
2023-01-09 06:27:09.251,5,\DISPLAY1,0
2023-01-09 06:28:02.205,2,Chrome Legacy Window,0
2023-01-09 06:28:02.205,3,EpicGamesLauncher.exe,0
2023-01-09 06:28:02.205,4,Chrome_RenderWidgetHostHWND,0
2023-01-09 06:28:02.205,5,\DISPLAY1,0
2023-01-09 06:28:02.390,2,FolderView,0
2023-01-09 06:28:02.390,3,explorer.exe,0
2023-01-09 06:28:02.390,4,SysListView32,0
2023-01-09 06:28:02.390,5,\DISPLAY1,0
2023-01-09 06:28:04.415,2,League of Legends (TM) Client,0
2023-01-09 06:28:04.415,3,League of Legends.exe,0
2023-01-09 06:28:04.415,4,RiotWindowClass,0
2023-01-09 06:28:04.415,5,\DISPLAY1,0
2023-01-09 06:38:51.708,2,Katarina ARAM Build - U.GG Katarina Runes + Item Guide for ARAM — Mozilla Firefox,0
2023-01-09 06:38:51.708,3,firefox.exe,0
2023-01-09 06:38:51.708,4,MozillaWindowClass,0
2023-01-09 06:38:51.708,5,\DISPLAY1,0
2023-01-09 06:38:54.867,2,Running applications,0
2023-01-09 06:38:54.867,3,explorer.exe,0
2023-01-09 06:38:54.867,4,MSTaskListWClass,0
2023-01-09 06:38:54.867,5,\DISPLAY1,0
2023-01-09 06:38:55.495,2,League of Legends (TM) Client,0
2023-01-09 06:38:55.495,3,League of Legends.exe,0
2023-01-09 06:38:55.495,4,RiotWindowClass,0
2023-01-09 06:38:55.495,5,\DISPLAY1,0
2023-01-09 06:40:36.321,2,Chrome Legacy Window,0
2023-01-09 06:40:36.321,3,LeagueClientUx.exe,0
2023-01-09 06:40:36.321,4,Chrome_RenderWidgetHostHWND,0
2023-01-09 06:40:36.321,5,\DISPLAY1,0
2023-01-09 06:41:25.279,2,Jarvan IV ARAM Build - U.GG Jarvan IV Runes + Item Guide for ARAM — Mozilla Firefox,0
2023-01-09 06:41:25.279,3,firefox.exe,0
2023-01-09 06:41:25.279,4,MozillaWindowClass,0
2023-01-09 06:41:25.279,5,\DISPLAY1,0
2023-01-09 06:41:35.360,2,Chrome Legacy Window,0
2023-01-09 06:41:35.360,3,LeagueClientUx.exe,0
2023-01-09 06:41:35.360,4,Chrome_RenderWidgetHostHWND,0
2023-01-09 06:41:35.360,5,\DISPLAY1,0
2023-01-09 06:42:19.754,2,Talon ARAM Build - U.GG Talon Runes + Item Guide for ARAM — Mozilla Firefox,0
2023-01-09 06:42:19.754,3,firefox.exe,0
2023-01-09 06:42:19.754,4,MozillaWindowClass,0
2023-01-09 06:42:19.754,5,\DISPLAY1,0
2023-01-09 06:42:56.187,2,League of Legends (TM) Client,0
2023-01-09 06:42:56.187,3,League of Legends.exe,0
2023-01-09 06:42:56.187,4,RiotWindowClass,0
2023-01-09 06:42:56.187,5,\DISPLAY1,0
2023-01-09 06:59:26.882,2,(35) YouTube — Mozilla Firefox,0
2023-01-09 06:59:26.882,3,firefox.exe,0
2023-01-09 06:59:26.882,4,MozillaWindowClass,0
2023-01-09 06:59:26.882,5,\DISPLAY1,0
2023-01-09 06:59:27.133,2,Chrome Legacy Window,0
2023-01-09 06:59:27.133,3,LeagueClientUx.exe,0
2023-01-09 06:59:27.133,4,Chrome_RenderWidgetHostHWND,0
2023-01-09 06:59:27.133,5,\DISPLAY1,0
2023-01-09 07:00:14.590,2,(35) YouTube — Mozilla Firefox,0
2023-01-09 07:00:14.590,3,firefox.exe,0
2023-01-09 07:00:14.590,4,MozillaWindowClass,0
2023-01-09 07:00:14.590,5,\DISPLAY1,0
2023-01-09 07:00:21.192,2,Chrome Legacy Window,0
2023-01-09 07:00:21.192,3,LeagueClientUx.exe,0
2023-01-09 07:00:21.192,4,Chrome_RenderWidgetHostHWND,0
2023-01-09 07:00:21.192,5,\DISPLAY1,0
2023-01-09 07:01:24.056,2,Illaoi ARAM Build - U.GG Illaoi Runes + Item Guide for ARAM — Mozilla Firefox,0
2023-01-09 07:01:24.056,3,firefox.exe,0
2023-01-09 07:01:24.056,4,MozillaWindowClass,0
2023-01-09 07:01:24.056,5,\DISPLAY1,0
2023-01-09 07:01:26.887,2,Task Switching,0
2023-01-09 07:01:26.887,3,explorer.exe,0
2023-01-09 07:01:26.887,4,MultitaskingViewFrame,0
2023-01-09 07:01:26.887,5,\DISPLAY1,0
2023-01-09 07:01:30.091,2,League of Legends (TM) Client,0
2023-01-09 07:01:30.091,3,League of Legends.exe,0
2023-01-09 07:01:30.091,4,RiotWindowClass,0
2023-01-09 07:01:30.091,5,\DISPLAY1,0
2023-01-09 07:01:33.219,2,Task Switching,0
2023-01-09 07:01:33.219,3,explorer.exe,0
2023-01-09 07:01:33.219,4,MultitaskingViewFrame,0
2023-01-09 07:01:33.219,5,\DISPLAY1,0
2023-01-09 07:01:35.422,2,League of Legends (TM) Client,0
2023-01-09 07:01:35.422,3,League of Legends.exe,0
2023-01-09 07:01:35.422,4,RiotWindowClass,0
2023-01-09 07:01:35.422,5,\DISPLAY1,0
2023-01-09 07:01:36.887,2,Task Switching,0
2023-01-09 07:01:36.887,3,explorer.exe,0
2023-01-09 07:01:36.887,4,MultitaskingViewFrame,0
2023-01-09 07:01:36.887,5,\DISPLAY1,0
2023-01-09 07:01:41.209,2,League of Legends (TM) Client,0
2023-01-09 07:01:41.209,3,League of Legends.exe,0
2023-01-09 07:01:41.209,4,RiotWindowClass,0
2023-01-09 07:01:41.209,5,\DISPLAY1,0
2023-01-09 07:18:36.935,2,acetaminophen - Google Search — Mozilla Firefox,0
2023-01-09 07:18:36.935,3,firefox.exe,0
2023-01-09 07:18:36.935,4,MozillaWindowClass,0
2023-01-09 07:18:36.935,5,\DISPLAY1,0
2023-01-09 07:18:41.140,2,Chrome Legacy Window,0
2023-01-09 07:18:41.140,3,LeagueClientUx.exe,0
2023-01-09 07:18:41.140,4,Chrome_RenderWidgetHostHWND,0
2023-01-09 07:18:41.140,5,\DISPLAY1,0
2023-01-09 07:19:00.521,2,Type here to search,0
2023-01-09 07:19:00.521,3,explorer.exe,0
2023-01-09 07:19:00.521,4,Button,0
2023-01-09 07:19:00.521,5,\DISPLAY1,0
2023-01-09 07:19:07.399,2,Chrome Legacy Window,0
2023-01-09 07:19:07.399,3,RiotClientUx.exe,0
2023-01-09 07:19:07.399,4,Chrome_RenderWidgetHostHWND,0
2023-01-09 07:19:07.399,5,\DISPLAY1,0
2023-01-09 07:19:16.937,2,,0
2023-01-09 07:19:16.937,3,explorer.exe,0
2023-01-09 07:19:16.937,4,Shell_TrayWnd,0
2023-01-09 07:19:16.937,5,\DISPLAY1,0
2023-01-09 07:19:22.915,2,Chrome Legacy Window,0
2023-01-09 07:19:22.915,3,LeagueClientUx.exe,0
2023-01-09 07:19:22.915,4,Chrome_RenderWidgetHostHWND,0
2023-01-09 07:19:22.915,5,\DISPLAY1,0
2023-01-09 07:20:23.892,2,Running applications,0
2023-01-09 07:20:23.892,3,explorer.exe,0
2023-01-09 07:20:23.892,4,MSTaskListWClass,0
2023-01-09 07:20:23.892,5,\DISPLAY1,0
2023-01-09 07:20:26.796,2,Chrome Legacy Window,0
2023-01-09 07:20:26.796,3,steamwebhelper.exe,0
2023-01-09 07:20:26.796,4,Chrome_RenderWidgetHostHWND,0
2023-01-09 07:20:26.796,5,\DISPLAY1,0
2023-01-09 07:20:26.941,2,Steam,0
2023-01-09 07:20:26.941,3,steam.exe,0
2023-01-09 07:20:26.941,4,vguiPopupWindow,0
2023-01-09 07:20:26.941,5,\DISPLAY1,0
2023-01-09 07:20:27.414,2,Chrome Legacy Window,0
2023-01-09 07:20:27.414,3,steamwebhelper.exe,0
2023-01-09 07:20:27.414,4,Chrome_RenderWidgetHostHWND,0
2023-01-09 07:20:27.414,5,\DISPLAY1,0
2023-01-09 07:20:36.441,2,Chrome Legacy Window,0
2023-01-09 07:20:36.441,3,LeagueClientUx.exe,0
2023-01-09 07:20:36.441,4,Chrome_RenderWidgetHostHWND,0
2023-01-09 07:20:36.441,5,\DISPLAY1,0
2023-01-09 07:21:12.404,2,acetaminophen - Google Search — Mozilla Firefox,0
2023-01-09 07:21:12.404,3,firefox.exe,0
2023-01-09 07:21:12.404,4,MozillaWindowClass,0
2023-01-09 07:21:12.404,5,\DISPLAY1,0
2023-01-09 07:21:24.564,2,Chrome Legacy Window,0
2023-01-09 07:21:24.564,3,LeagueClientUx.exe,0
2023-01-09 07:21:24.564,4,Chrome_RenderWidgetHostHWND,0
2023-01-09 07:21:24.564,5,\DISPLAY1,0
2023-01-09 07:21:41.267,2,Zeri ARAM Build - U.GG Zeri Runes + Item Guide for ARAM — Mozilla Firefox,0
2023-01-09 07:21:41.267,3,firefox.exe,0
2023-01-09 07:21:41.267,4,MozillaWindowClass,0
2023-01-09 07:21:41.267,5,\DISPLAY1,0
2023-01-09 07:21:46.021,2,Chrome Legacy Window,0
2023-01-09 07:21:46.021,3,LeagueClientUx.exe,0
2023-01-09 07:21:46.021,4,Chrome_RenderWidgetHostHWND,0
2023-01-09 07:21:46.021,5,\DISPLAY1,0
2023-01-09 07:21:56.944,2,League of Legends (TM) Client,0
2023-01-09 07:21:56.944,3,League of Legends.exe,0
2023-01-09 07:21:56.944,4,RiotWindowClass,0
2023-01-09 07:21:56.944,5,\DISPLAY1,0
2023-01-09 07:28:36.959,2,Twitch ARAM Build - U.GG Twitch Runes + Item Guide for ARAM — Mozilla Firefox,0
2023-01-09 07:28:36.959,3,firefox.exe,0
2023-01-09 07:28:36.959,4,MozillaWindowClass,0
2023-01-09 07:28:36.959,5,\DISPLAY1,0
2023-01-09 07:28:37.654,2,League of Legends (TM) Client,0
2023-01-09 07:28:37.654,3,League of Legends.exe,0
2023-01-09 07:28:37.654,4,RiotWindowClass,0
2023-01-09 07:28:37.654,5,\DISPLAY1,0
2023-01-09 07:42:26.992,2,League of Legends,0
2023-01-09 07:42:26.992,3,LeagueClientUx.exe,0
2023-01-09 07:42:26.992,4,RCLIENT,0
2023-01-09 07:42:26.992,5,\DISPLAY1,0
2023-01-09 07:45:48.016,2,Twitch ARAM Build - U.GG Twitch Runes + Item Guide for ARAM — Mozilla Firefox,0
2023-01-09 07:45:48.016,3,firefox.exe,0
2023-01-09 07:45:48.016,4,MozillaWindowClass,0
2023-01-09 07:45:48.016,5,\DISPLAY1,0
2023-01-09 07:47:35.948,2,Chrome Legacy Window,0
2023-01-09 07:47:35.948,3,LeagueClientUx.exe,0
2023-01-09 07:47:35.948,4,Chrome_RenderWidgetHostHWND,0
2023-01-09 07:47:35.948,5,\DISPLAY1,0
2023-01-09 07:47:41.853,2,Running applications,0
2023-01-09 07:47:41.853,3,explorer.exe,0
2023-01-09 07:47:41.853,4,MSTaskListWClass,0
2023-01-09 07:47:41.853,5,\DISPLAY1,0
2023-01-09 07:47:42.747,2,Friends - Discord,0
2023-01-09 07:47:42.747,3,Discord.exe,0
2023-01-09 07:47:42.747,4,Chrome_WidgetWin_1,0
2023-01-09 07:47:42.747,5,\DISPLAY1,0
2023-01-09 07:47:46.491,2,(35) Protestors storm Brazilian capital - YouTube — Mozilla Firefox,0
2023-01-09 07:47:46.491,3,firefox.exe,0
2023-01-09 07:47:46.491,4,MozillaWindowClass,0
2023-01-09 07:47:46.491,5,\DISPLAY1,0
2023-01-09 07:47:59.504,2,Chrome Legacy Window,0
2023-01-09 07:47:59.504,3,LeagueClientUx.exe,0
2023-01-09 07:47:59.504,4,Chrome_RenderWidgetHostHWND,0
2023-01-09 07:47:59.504,5,\DISPLAY1,0
2023-01-09 07:48:00.023,2,(35) Protestors storm Brazilian capital - YouTube — Mozilla Firefox,0
2023-01-09 07:48:00.023,3,firefox.exe,0
2023-01-09 07:48:00.023,4,MozillaWindowClass,0
2023-01-09 07:48:00.023,5,\DISPLAY1,0
2023-01-09 07:48:11.898,2,Chrome Legacy Window,0
2023-01-09 07:48:11.898,3,LeagueClientUx.exe,0
2023-01-09 07:48:11.898,4,Chrome_RenderWidgetHostHWND,0
2023-01-09 07:48:11.898,5,\DISPLAY1,0
2023-01-09 07:48:23.114,2,bolsonaro - Google Search — Mozilla Firefox,0
2023-01-09 07:48:23.114,3,firefox.exe,0
2023-01-09 07:48:23.114,4,MozillaWindowClass,0
2023-01-09 07:48:23.114,5,\DISPLAY1,0
2023-01-09 07:48:29.080,2,Chrome Legacy Window,0
2023-01-09 07:48:29.080,3,LeagueClientUx.exe,0
2023-01-09 07:48:29.080,4,Chrome_RenderWidgetHostHWND,0
2023-01-09 07:48:29.080,5,\DISPLAY1,0
2023-01-09 07:48:56.447,2,Darius ARAM Build - U.GG Darius Runes + Item Guide for ARAM — Mozilla Firefox,0
2023-01-09 07:48:56.447,3,firefox.exe,0
2023-01-09 07:48:56.447,4,MozillaWindowClass,0
2023-01-09 07:48:56.447,5,\DISPLAY1,0
2023-01-09 07:50:20.037,2,League of Legends (TM) Client,0
2023-01-09 07:50:20.037,3,League of Legends.exe,0
2023-01-09 07:50:20.037,4,RiotWindowClass,0
2023-01-09 07:50:20.037,5,\DISPLAY1,0
2023-01-09 07:58:22.843,2,(35) Top Story with Tom Llamas - Jan. 5 | NBC News NOW - YouTube — Mozilla Firefox,0
2023-01-09 07:58:22.843,3,firefox.exe,0
2023-01-09 07:58:22.843,4,MozillaWindowClass,0
2023-01-09 07:58:22.843,5,\DISPLAY1,0
2023-01-09 07:58:26.717,2,League of Legends (TM) Client,0
2023-01-09 07:58:26.717,3,League of Legends.exe,0
2023-01-09 07:58:26.717,4,RiotWindowClass,0
2023-01-09 07:58:26.717,5,\DISPLAY1,0
2023-01-09 08:00:27.044,2,(35) Top Story with Tom Llamas - Jan. 5 | NBC News NOW - YouTube — Mozilla Firefox,0
2023-01-09 08:00:27.044,3,firefox.exe,0
2023-01-09 08:00:27.044,4,MozillaWindowClass,0
2023-01-09 08:00:27.044,5,\DISPLAY1,0
2023-01-09 08:00:28.971,2,League of Legends (TM) Client,0
2023-01-09 08:00:28.971,3,League of Legends.exe,0
2023-01-09 08:00:28.971,4,RiotWindowClass,0
2023-01-09 08:00:28.971,5,\DISPLAY1,0
2023-01-09 08:06:10.107,2,(35) Top Story with Tom Llamas - Jan. 5 | NBC News NOW - YouTube — Mozilla Firefox,0
2023-01-09 08:06:10.107,3,firefox.exe,0
2023-01-09 08:06:10.107,4,MozillaWindowClass,0
2023-01-09 08:06:10.107,5,\DISPLAY1,0
2023-01-09 08:06:13.831,2,League of Legends (TM) Client,0
2023-01-09 08:06:13.831,3,League of Legends.exe,0
2023-01-09 08:06:13.831,4,RiotWindowClass,0
2023-01-09 08:06:13.831,5,\DISPLAY1,0
2023-01-09 08:06:51.018,2,affidavit - Google Search — Mozilla Firefox,0
2023-01-09 08:06:51.018,3,firefox.exe,0
2023-01-09 08:06:51.018,4,MozillaWindowClass,0
2023-01-09 08:06:51.018,5,\DISPLAY1,0
2023-01-09 08:06:55.306,2,League of Legends (TM) Client,0
2023-01-09 08:06:55.306,3,League of Legends.exe,0
2023-01-09 08:06:55.306,4,RiotWindowClass,0
2023-01-09 08:06:55.306,5,\DISPLAY1,0
2023-01-09 08:10:32.469,2,Chrome Legacy Window,0
2023-01-09 08:10:32.469,3,LeagueClientUx.exe,0
2023-01-09 08:10:32.469,4,Chrome_RenderWidgetHostHWND,0
2023-01-09 08:10:32.469,5,\DISPLAY1,0
2023-01-09 08:10:37.161,2,Darius ARAM Build - U.GG Darius Runes + Item Guide for ARAM — Mozilla Firefox,0
2023-01-09 08:10:37.161,3,firefox.exe,0
2023-01-09 08:10:37.161,4,MozillaWindowClass,0
2023-01-09 08:10:37.161,5,\DISPLAY1,0
2023-01-09 08:10:38.220,2,Chrome Legacy Window,0
2023-01-09 08:10:38.220,3,LeagueClientUx.exe,0
2023-01-09 08:10:38.220,4,Chrome_RenderWidgetHostHWND,0
2023-01-09 08:10:38.220,5,\DISPLAY1,0
2023-01-09 08:12:09.410,2,(35) Top Story with Tom Llamas - Jan. 5 | NBC News NOW - YouTube — Mozilla Firefox,0
2023-01-09 08:12:09.410,3,firefox.exe,0
2023-01-09 08:12:09.410,4,MozillaWindowClass,0
2023-01-09 08:12:09.410,5,\DISPLAY1,0
2023-01-09 08:12:37.617,2,Chrome Legacy Window,0
2023-01-09 08:12:37.617,3,LeagueClientUx.exe,0
2023-01-09 08:12:37.617,4,Chrome_RenderWidgetHostHWND,0
2023-01-09 08:12:37.617,5,\DISPLAY1,0
2023-01-09 08:12:57.254,2,Kai'Sa ARAM Build - U.GG Kai'Sa Runes + Item Guide for ARAM — Mozilla Firefox,0
2023-01-09 08:12:57.254,3,firefox.exe,0
2023-01-09 08:12:57.254,4,MozillaWindowClass,0
2023-01-09 08:12:57.254,5,\DISPLAY1,0
2023-01-09 08:14:20.471,2,League of Legends (TM) Client,0
2023-01-09 08:14:20.471,3,League of Legends.exe,0
2023-01-09 08:14:20.471,4,RiotWindowClass,0
2023-01-09 08:14:20.471,5,\DISPLAY1,0
2023-01-09 08:14:41.700,2,(35) Deep Learning: Long Short-Term Memory Networks (LSTMs) - YouTube — Mozilla Firefox,0
2023-01-09 08:14:41.700,3,firefox.exe,0
2023-01-09 08:14:41.700,4,MozillaWindowClass,0
2023-01-09 08:14:41.700,5,\DISPLAY1,0
2023-01-09 08:14:45.696,2,League of Legends (TM) Client,0
2023-01-09 08:14:45.696,3,League of Legends.exe,0
2023-01-09 08:14:45.696,4,RiotWindowClass,0
2023-01-09 08:14:45.696,5,\DISPLAY1,0
2023-01-09 08:14:47.870,2,(35) 6 itme kaisa - YouTube — Mozilla Firefox,0
2023-01-09 08:14:47.870,3,firefox.exe,0
2023-01-09 08:14:47.870,4,MozillaWindowClass,0
2023-01-09 08:14:47.870,5,\DISPLAY1,0
2023-01-09 08:14:48.777,2,League of Legends (TM) Client,0
2023-01-09 08:14:48.777,3,League of Legends.exe,0
2023-01-09 08:14:48.777,4,RiotWindowClass,0
2023-01-09 08:14:48.777,5,\DISPLAY1,0
2023-01-09 08:15:02.825,2,(35) 6 ITEM KAI'SA DESTRUCTION - YouTube — Mozilla Firefox,0
2023-01-09 08:15:02.825,3,firefox.exe,0
2023-01-09 08:15:02.825,4,MozillaWindowClass,0
2023-01-09 08:15:02.825,5,\DISPLAY1,0
2023-01-09 08:15:05.376,2,League of Legends (TM) Client,0
2023-01-09 08:15:05.376,3,League of Legends.exe,0
2023-01-09 08:15:05.376,4,RiotWindowClass,0
2023-01-09 08:15:05.376,5,\DISPLAY1,0
2023-01-09 08:15:07.080,2,(35) 6 ITEM KAI'SA DESTRUCTION - YouTube — Mozilla Firefox,0
2023-01-09 08:15:07.080,3,firefox.exe,0
2023-01-09 08:15:07.080,4,MozillaWindowClass,0
2023-01-09 08:15:07.080,5,\DISPLAY1,0
2023-01-09 08:15:07.514,2,League of Legends (TM) Client,0
2023-01-09 08:15:07.514,3,League of Legends.exe,0
2023-01-09 08:15:07.514,4,RiotWindowClass,0
2023-01-09 08:15:07.514,5,\DISPLAY1,0
2023-01-09 08:16:44.612,2,(35) 6 ITEM KAI'SA DESTRUCTION - YouTube — Mozilla Firefox,0
2023-01-09 08:16:44.612,3,firefox.exe,0
2023-01-09 08:16:44.612,4,MozillaWindowClass,0
2023-01-09 08:16:44.612,5,\DISPLAY1,0
2023-01-09 08:16:47.085,2,League of Legends (TM) Client,0
2023-01-09 08:16:47.085,3,League of Legends.exe,0
2023-01-09 08:16:47.085,4,RiotWindowClass,0
2023-01-09 08:16:47.085,5,\DISPLAY1,0
2023-01-09 08:26:38.713,2,(35) 6 ITEM KAI'SA DESTRUCTION - YouTube — Mozilla Firefox,0
2023-01-09 08:26:38.713,3,firefox.exe,0
2023-01-09 08:26:38.713,4,MozillaWindowClass,0
2023-01-09 08:26:38.713,5,\DISPLAY1,0
2023-01-09 08:26:48.517,2,League of Legends (TM) Client,0
2023-01-09 08:26:48.517,3,League of Legends.exe,0
2023-01-09 08:26:48.517,4,RiotWindowClass,0
2023-01-09 08:26:48.517,5,\DISPLAY1,0
2023-01-09 08:29:05.140,2,(35) navori quickblade kaisa - YouTube — Mozilla Firefox,0
2023-01-09 08:29:05.140,3,firefox.exe,0
2023-01-09 08:29:05.140,4,MozillaWindowClass,0
2023-01-09 08:29:05.140,5,\DISPLAY1,0
2023-01-09 08:29:05.315,2,FolderView,0
2023-01-09 08:29:05.315,3,explorer.exe,0
2023-01-09 08:29:05.315,4,SysListView32,0
2023-01-09 08:29:05.315,5,\DISPLAY1,0
2023-01-09 08:29:10.058,2,League of Legends (TM) Client,0
2023-01-09 08:29:10.058,3,League of Legends.exe,0
2023-01-09 08:29:10.058,4,RiotWindowClass,0
2023-01-09 08:29:10.058,5,\DISPLAY1,0
2023-01-09 08:29:47.119,2,(35) navori quickblade kaisa - YouTube — Mozilla Firefox,0
2023-01-09 08:29:47.119,3,firefox.exe,0
2023-01-09 08:29:47.119,4,MozillaWindowClass,0
2023-01-09 08:29:47.119,5,\DISPLAY1,0
2023-01-09 08:29:53.917,2,Running applications,0
2023-01-09 08:29:53.917,3,explorer.exe,0
2023-01-09 08:29:53.917,4,MSTaskListWClass,0
2023-01-09 08:29:53.917,5,\DISPLAY1,0
2023-01-09 08:29:54.787,2,League of Legends (TM) Client,0
2023-01-09 08:29:54.787,3,League of Legends.exe,0
2023-01-09 08:29:54.787,4,RiotWindowClass,0
2023-01-09 08:29:54.787,5,\DISPLAY1,0
2023-01-09 08:29:57.119,2,League of Legends,0
2023-01-09 08:29:57.119,3,LeagueClientUx.exe,0
2023-01-09 08:29:57.119,4,RCLIENT,0
2023-01-09 08:29:57.119,5,\DISPLAY1,0
2023-01-09 08:30:41.685,2,(35) navori kaisa - YouTube — Mozilla Firefox,0
2023-01-09 08:30:41.685,3,firefox.exe,0
2023-01-09 08:30:41.685,4,MozillaWindowClass,0
2023-01-09 08:30:41.685,5,\DISPLAY1,0
2023-01-09 08:31:28.098,2,Running applications,0
2023-01-09 08:31:28.098,3,explorer.exe,0
2023-01-09 08:31:28.098,4,MSTaskListWClass,0
2023-01-09 08:31:28.098,5,\DISPLAY1,0
2023-01-09 08:31:37.125,2,(35) Deep Learning: Long Short-Term Memory Networks (LSTMs) - YouTube — Mozilla Firefox,0
2023-01-09 08:31:37.125,3,firefox.exe,0
2023-01-09 08:31:37.125,4,MozillaWindowClass,0
2023-01-09 08:31:37.125,5,\DISPLAY1,0
2023-01-09 08:31:49.858,2,Steam,0
2023-01-09 08:31:49.858,3,steam.exe,0
2023-01-09 08:31:49.858,4,vguiPopupWindow,0
2023-01-09 08:31:49.858,5,\DISPLAY1,0
2023-01-09 08:31:51.513,2,Chrome Legacy Window,0
2023-01-09 08:31:51.513,3,LeagueClientUx.exe,0
2023-01-09 08:31:51.513,4,Chrome_RenderWidgetHostHWND,0
2023-01-09 08:31:51.513,5,\DISPLAY1,0
2023-01-09 08:32:03.444,2,(35) Deep Learning: Long Short-Term Memory Networks (LSTMs) - YouTube — Mozilla Firefox,0
2023-01-09 08:32:03.444,3,firefox.exe,0
2023-01-09 08:32:03.444,4,MozillaWindowClass,0
2023-01-09 08:32:03.444,5,\DISPLAY1,0
2023-01-09 08:32:04.164,2,Chrome Legacy Window,0
2023-01-09 08:32:04.164,3,LeagueClientUx.exe,0
2023-01-09 08:32:04.164,4,Chrome_RenderWidgetHostHWND,0
2023-01-09 08:32:04.164,5,\DISPLAY1,0
2023-01-09 08:32:06.108,2,Kai'Sa ARAM Build - U.GG Kai'Sa Runes + Item Guide for ARAM — Mozilla Firefox,0
2023-01-09 08:32:06.108,3,firefox.exe,0
2023-01-09 08:32:06.108,4,MozillaWindowClass,0
2023-01-09 08:32:06.108,5,\DISPLAY1,0
2023-01-09 08:32:13.788,2,Chrome Legacy Window,0
2023-01-09 08:32:13.788,3,LeagueClientUx.exe,0
2023-01-09 08:32:13.788,4,Chrome_RenderWidgetHostHWND,0
2023-01-09 08:32:13.788,5,\DISPLAY1,0
2023-01-09 08:32:18.599,2,Caitlyn ARAM Build - U.GG Caitlyn Runes + Item Guide for ARAM — Mozilla Firefox,0
2023-01-09 08:32:18.599,3,firefox.exe,0
2023-01-09 08:32:18.599,4,MozillaWindowClass,0
2023-01-09 08:32:18.599,5,\DISPLAY1,0
2023-01-09 08:32:21.038,2,Chrome Legacy Window,0
2023-01-09 08:32:21.038,3,LeagueClientUx.exe,0
2023-01-09 08:32:21.038,4,Chrome_RenderWidgetHostHWND,0
2023-01-09 08:32:21.038,5,\DISPLAY1,0
2023-01-09 08:33:07.130,2,Caitlyn ARAM Build - U.GG Caitlyn Runes + Item Guide for ARAM — Mozilla Firefox,0
2023-01-09 08:33:07.130,3,firefox.exe,0
2023-01-09 08:33:07.130,4,MozillaWindowClass,0
2023-01-09 08:33:07.130,5,\DISPLAY1,0
2023-01-09 08:33:17.130,2,League of Legends (TM) Client,0
2023-01-09 08:33:17.130,3,League of Legends.exe,0
2023-01-09 08:33:17.130,4,RiotWindowClass,0
2023-01-09 08:33:17.130,5,\DISPLAY1,0
2023-01-09 08:45:39.909,2,Running applications,0
2023-01-09 08:45:39.909,3,explorer.exe,0
2023-01-09 08:45:39.909,4,MSTaskListWClass,0
2023-01-09 08:45:39.909,5,\DISPLAY1,0
2023-01-09 08:45:41.506,2,League of Legends (TM) Client,0
2023-01-09 08:45:41.506,3,League of Legends.exe,0
2023-01-09 08:45:41.506,4,RiotWindowClass,0
2023-01-09 08:45:41.506,5,\DISPLAY1,0
2023-01-09 08:45:41.667,2,Caitlyn ARAM Build - U.GG Caitlyn Runes + Item Guide for ARAM — Mozilla Firefox,0
2023-01-09 08:45:41.667,3,firefox.exe,0
2023-01-09 08:45:41.667,4,MozillaWindowClass,0
2023-01-09 08:45:41.667,5,\DISPLAY1,0
2023-01-09 08:45:42.609,2,Running applications,0
2023-01-09 08:45:42.609,3,explorer.exe,0
2023-01-09 08:45:42.609,4,MSTaskListWClass,0
2023-01-09 08:45:42.609,5,\DISPLAY1,0
2023-01-09 08:45:43.130,2,League of Legends (TM) Client,0
2023-01-09 08:45:43.130,3,League of Legends.exe,0
2023-01-09 08:45:43.130,4,RiotWindowClass,0
2023-01-09 08:45:43.130,5,\DISPLAY1,0
2023-01-09 08:59:37.197,2,League of Legends,0
2023-01-09 08:59:37.197,3,LeagueClientUx.exe,0
2023-01-09 08:59:37.197,4,RCLIENT,0
2023-01-09 08:59:37.197,5,\DISPLAY1,0
2023-01-09 09:00:00.112,2,Running applications,0
2023-01-09 09:00:00.112,3,explorer.exe,0
2023-01-09 09:00:00.112,4,MSTaskListWClass,0
2023-01-09 09:00:00.112,5,\DISPLAY1,0
2023-01-09 09:00:00.712,2,,0
2023-01-09 09:00:00.712,3,cmd.exe,0
2023-01-09 09:00:00.712,4,ConsoleWindowClass,0
2023-01-09 09:00:00.712,5,\DISPLAY1,0
